<?xml version="1.0" encoding="UTF-8" standalone="no"?>
<Entities>
    <ExtensionPackages>
        <ExtensionPackage dependsOn="" description="" minimumThingWorxVersion="6.5.0" name="VegetationIndices" packageVersion="1.0.0" vendor="Adero">
            <JarResources>
                <FileResource description="" file="vegetationindices.jar" type="JAR"/>
            </JarResources>
        </ExtensionPackage>
    </ExtensionPackages>
    <ThingPackages>
        <ThingPackage className="com.adero.thing.VegetationIndices" description="" name="VegetationIndicesPackage"/>
    </ThingPackages>
    <ThingTemplates>
        <ThingTemplate aspect.isEditableExtensionObject="false" description="" name="VegetationIndices" thingPackage="VegetationIndicesPackage"/>
    </ThingTemplates>
</Entities>
